City,Cloudiness,Country,Date,Humidity,Lat,Lng,Max Temp,Wind Speed
Hobart,40,AU,1616357830,94,-42.8794,147.3294,57.2,5.75
Mataura,100,NZ,1616357943,95,-46.1927,168.8643,54.0,3.0
Saint-Augustin,100,CA,1616357944,97,51.226,-58.6502,33.26,13.0
Rikitea,0,PF,1616357944,71,-23.1203,-134.9692,80.13,7.54
Abalak,3,RU,1616357944,94,58.1286,68.5944,12.36,3.4
Punta Arenas,40,CL,1616357944,55,-53.15,-70.9167,59.0,19.57
Tasiilaq,20,GL,1616357945,74,65.6145,-37.6368,28.4,6.91
Kapaa,40,US,1616357945,64,22.0752,-159.319,73.4,19.57
Ushuaia,40,AR,1616357707,58,-54.8,-68.3,55.4,18.41
Provideniya,75,RU,1616357945,78,64.3833,-173.3,5.0,4.47
Calvinia,0,ZA,1616357945,23,-31.4707,19.776,71.31,4.68
Nikolskoye,90,RU,1616357946,86,59.7035,30.7861,33.01,22.37
Leninsk,0,RU,1616357946,93,48.7119,45.1994,30.2,8.95
Freetown,3,SL,1616357946,83,8.484,-13.2299,78.8,9.22
Butaritari,100,KI,1616357946,78,3.0707,172.7902,82.47,17.72
Bathsheba,40,BB,1616357947,54,13.2167,-59.5167,82.4,18.41
Esperance,0,AU,1616357913,72,-33.8667,121.9,64.4,17.27
Vao,70,NC,1616357947,74,-22.6667,167.4833,75.25,18.3
Karagay,100,RU,1616357947,94,58.2667,54.9368,18.41,7.38
Te Anau,100,NZ,1616357948,93,-45.4167,167.7167,48.45,0.56
Cape Town,0,ZA,1616357700,63,-33.9258,18.4232,68.0,17.27
Lufilufi,75,WS,1616357948,94,-13.8745,-171.5986,75.2,8.05
Ialibu,91,PG,1616357948,93,-6.2821,143.9935,55.26,2.51
Chui,73,UY,1616357948,77,-33.6971,-53.4616,70.25,13.11
Mogadishu,54,SO,1616357776,84,2.0371,45.3438,80.91,15.93
Beyneu,100,KZ,1616357949,89,45.3167,55.2,39.02,7.9
Dikson,100,RU,1616357949,65,73.5069,80.5464,-11.83,4.99
Camacha,75,PT,1616357949,59,33.0833,-16.3333,60.8,9.22
Saint-Philippe,75,RE,1616357949,88,-21.3585,55.7679,77.0,3.44
Gamba,100,GA,1616357950,85,-2.65,10.0,76.59,2.71
Sistranda,75,NO,1616357950,93,63.7256,8.834,37.4,27.63
Awjilah,42,LY,1616357950,40,29.1081,21.2869,68.52,11.21
Semey,9,KZ,1616357951,86,50.4111,80.2275,28.33,7.63
Vaini,75,TO,1616357951,83,-21.2,-175.2,80.6,4.61
Quthing,2,LS,1616357951,66,-30.4,27.7003,56.43,4.56
Ambilobe,74,MG,1616357951,93,-13.2,49.05,75.24,1.95
Beitbridge,0,ZW,1616357949,44,-22.2167,30.0,80.71,7.29
Yulara,90,AU,1616357952,100,-25.2406,130.9889,64.4,8.05
Alyangula,93,AU,1616357952,80,-13.8483,136.4192,81.43,7.72
Bluff,100,NZ,1616357953,95,-46.6,168.3333,54.0,3.0
Saint George,1,US,1616357953,33,37.1041,-113.5841,61.0,5.75
Sawtell,40,AU,1616357953,88,-30.3833,153.1,68.0,12.66
Arraial do Cabo,0,BR,1616357954,69,-22.9661,-42.0278,86.0,23.02
Mbarara,100,UG,1616357887,90,-0.608,30.65,64.44,3.33
Beringovskiy,92,RU,1616357954,87,63.05,179.3167,-2.47,7.0
Puerto Ayora,20,EC,1616357954,66,-0.7393,-90.3518,86.0,8.05
Port Macquarie,100,AU,1616357955,99,-31.4333,152.9167,66.0,16.04
Portales,75,US,1616357955,17,34.1862,-103.3344,73.0,11.5
Redcliffe,75,AU,1616357955,94,-27.2307,153.0973,73.99,9.22
Sibolga,97,ID,1616357845,89,1.7427,98.7792,76.06,3.02
Yaan,100,NG,1616357956,43,7.3833,8.5667,89.13,12.33
Hilo,90,US,1616357956,64,19.7297,-155.09,73.4,14.97
Hermanus,3,ZA,1616357957,80,-34.4187,19.2345,63.0,4.0
Praia da Vitória,90,PT,1616357957,82,38.7333,-27.0667,59.0,5.57
Mayo,1,US,1616357958,29,38.8876,-76.5119,61.0,4.61
Batticaloa,100,LK,1616357983,77,7.7102,81.6924,79.68,3.71
Okhotsk,100,RU,1616357984,95,59.3833,143.3,12.81,11.43
Atuona,2,PF,1616357984,77,-9.8,-139.0333,80.29,13.8
Barra de Tecoanapa,0,MX,1616357984,60,16.5167,-98.75,85.15,13.6
Dukat,57,RU,1616357984,70,62.55,155.55,-7.89,6.87
Bud,1,US,1616357985,25,39.447,-86.1758,66.0,3.44
Havelock,75,US,1616357739,67,34.8791,-76.9013,61.0,19.57
College,1,US,1616357945,47,64.8569,-147.8028,10.99,2.86
Cidreira,100,BR,1616357985,85,-30.1811,-50.2056,76.75,10.27
Hithadhoo,99,MV,1616357985,75,-0.6,73.0833,82.98,9.4
Kinablangan,41,PH,1616357985,81,7.6947,126.5503,77.59,1.9
Mar del Plata,40,AR,1616357700,63,-38.0023,-57.5575,64.4,12.66
Lüderitz,0,NA,1616357986,61,-26.6481,15.1594,69.01,16.06
Chokurdakh,83,RU,1616357986,80,70.6333,147.9167,-11.56,5.39
Izumo,75,JP,1616357986,66,35.3667,132.7667,46.4,10.36
Imeni Poliny Osipenko,86,RU,1616357987,93,52.4201,136.4853,16.72,10.65
Castro,100,BR,1616357987,87,-24.7911,-50.0119,74.35,3.87
Palauig,78,PH,1616357987,76,15.435,119.9045,79.75,5.73
Lingyuan,0,CN,1616357987,32,41.24,119.4011,31.51,4.47
Busselton,80,AU,1616357988,95,-33.65,115.3333,64.99,3.0
Krasnosel'kup,100,RU,1616357988,95,65.7,82.4667,1.45,14.38
Qaanaaq,100,GL,1616357988,96,77.484,-69.3632,-7.47,3.04
Aktas,40,KZ,1616357988,93,49.7789,72.9608,33.8,15.66
San Juan,24,AR,1616357989,33,-31.5375,-68.5364,75.69,4.72
Ponta do Sol,40,PT,1616357989,51,32.6667,-17.1,60.8,11.5
Makakilo City,90,US,1616357989,64,21.3469,-158.0858,75.2,10.36
Abhā,0,SA,1616357990,24,18.2164,42.5053,66.2,11.5
Necochea,0,AR,1616357990,61,-38.5473,-58.7368,63.0,5.01
Palmer,40,US,1616357990,14,42.1584,-72.3287,66.0,5.75
Nizhniy Odes,98,RU,1616357990,94,63.6445,54.856,11.21,6.76
Jamestown,1,US,1616357892,12,42.097,-79.2353,60.8,6.73
Mīzan Teferī,83,ET,1616357991,67,6.9833,35.5833,66.31,2.46
Baker City,75,US,1616357963,36,44.7749,-117.8344,46.4,6.91
Iwanai,100,JP,1616357991,97,42.9744,140.5089,36.99,20.74
Broome,1,US,1616357991,17,42.2506,-75.833,63.0,3.44
Meybod,0,IR,1616357991,17,32.2501,54.0166,57.2,6.91
Děčín,94,CZ,1616357992,97,50.7822,14.2148,37.99,4.9
Sitka,90,US,1616357992,87,57.0531,-135.33,39.2,6.91
Khatanga,0,RU,1616357992,78,71.9667,102.5,-24.47,7.38
Yima,0,CN,1616357993,99,34.7381,111.8839,44.01,7.09
Yantal',99,RU,1616357993,92,56.8471,105.2542,32.76,12.53
Karratha,0,AU,1616357993,58,-20.7377,116.8463,78.3,5.17
Imbituba,75,BR,1616357797,79,-28.24,-48.6703,84.2,9.22
Bengkulu,100,ID,1616357994,92,-3.8004,102.2655,74.95,5.53
Barrow,1,US,1616357744,70,71.2906,-156.7887,-11.2,11.5
Albany,20,US,1616357720,18,42.6001,-73.9662,63.0,2.95
Kharan,0,PK,1616357994,38,28.5833,65.4167,70.07,8.19
Norman Wells,20,CA,1616357994,65,65.282,-126.8329,-4.0,4.61
Carnarvon,0,AU,1616357994,88,-24.8667,113.6333,77.0,12.66
Benjamín Aceval,90,PY,1616357995,94,-24.9667,-57.5667,73.4,10.36
Bethel,1,US,1616357995,15,41.3712,-73.414,64.99,3.44
Mackay,40,AU,1616357995,88,-21.15,149.2,77.0,5.75
San Quintín,100,MX,1616357995,66,30.4833,-115.95,60.69,20.0
Verkh-Usugli,100,RU,1616357996,86,52.7,115.1667,22.24,3.36
Saskylakh,93,RU,1616357996,99,71.9167,114.0833,-29.38,2.71
São Filipe,99,CV,1616357996,71,14.8961,-24.4956,71.15,8.93
Kununurra,90,AU,1616357997,89,-15.7667,128.7333,77.0,3.44
Parabel',31,RU,1616357997,90,58.6978,81.4825,20.48,9.28
Batī,0,ET,1616357766,31,11.1833,40.0167,62.01,3.06
Saint-Joseph,75,RE,1616357997,88,-21.3667,55.6167,77.0,3.44
Roebourne,0,AU,1616357997,59,-20.7833,117.1333,78.31,5.88
Saint Paul Harbor,90,US,1616357998,75,57.79,-152.4072,35.6,4.61
Lebu,0,CL,1616357998,66,-37.6167,-73.65,62.67,10.4
Lompoc,1,US,1616357998,45,34.6391,-120.4579,62.6,17.27
Tuktoyaktuk,20,CA,1616357999,84,69.4541,-133.0374,-14.8,9.22
Klaksvík,90,FO,1616357999,100,62.2266,-6.589,44.6,12.66
Vyartsilya,100,RU,1616357999,93,62.1764,30.693,28.33,11.83
Yellowknife,20,CA,1616357999,55,62.456,-114.3525,0.0,14.97
Mineiros,4,BR,1616358000,75,-17.5694,-52.5511,78.53,5.7
Progreso,75,MX,1616358000,48,21.2833,-89.6667,84.2,6.91
Poum,90,NC,1616358000,76,-20.2333,164.0167,77.86,12.12
Avarua,75,CK,1616357717,89,-21.2078,-159.775,78.8,8.05
Katakwi,100,UG,1616358001,52,1.8911,33.9661,74.55,2.44
Kānker,0,IN,1616358001,34,20.2719,81.4931,73.76,3.56
Turukhansk,100,RU,1616358001,88,65.8167,87.9833,-2.36,19.26
Upernavik,100,GL,1616358005,91,72.7868,-56.1549,-8.77,3.44
Jerantut,92,MY,1616358005,93,3.936,102.3626,72.75,0.63
Kisangani,100,CD,1616358005,98,0.5167,25.2,68.31,0.38
Pyu,23,MM,1616358005,52,18.4833,96.4333,72.36,3.31
Praia,75,CV,1616357712,73,14.9215,-23.5087,69.8,14.97
Guerrero Negro,100,MX,1616358006,49,27.9769,-114.0611,65.64,20.18
Nāttarasankottai,40,IN,1616358006,78,9.8667,78.5667,82.4,3.44
Palafrugell,0,ES,1616358006,70,41.9174,3.1631,55.0,3.44
Jati,0,PK,1616358007,92,24.3539,68.2671,71.85,4.94
Portland,75,US,1616357724,57,45.5234,-122.6762,50.0,12.66
Torbay,20,CA,1616358007,64,47.6666,-52.7314,35.01,16.11
Biskamzha,98,RU,1616358007,95,53.4497,89.5272,28.54,10.09
Kahului,40,US,1616357765,83,20.8947,-156.47,73.4,14.97
Nabire,99,ID,1616358008,86,-3.3667,135.4833,76.86,2.71
Aklavik,40,CA,1616358008,70,68.2191,-135.0107,-11.2,4.61
Mossamedes,67,AO,1616358008,80,-15.1961,12.1522,72.84,4.18
Havre-St-Pierre,1,CA,1616358008,75,50.2334,-63.5986,35.6,13.8
Springbok,0,ZA,1616358009,34,-29.6643,17.8865,69.62,7.25
Tual,87,ID,1616358009,65,-5.6667,132.75,83.97,2.55
New Norfolk,31,AU,1616358010,76,-42.7826,147.0587,57.0,1.7
Adré,100,TD,1616357836,10,13.4667,22.2,81.03,6.55
Mwinilunga,97,ZM,1616358010,93,-11.7358,24.4293,63.5,2.42
Hukuntsi,80,BW,1616358010,54,-24.0,21.75,74.1,8.63
Padampur,93,IN,1616358011,50,29.6833,73.6167,69.6,11.03
Poyarkovo,5,RU,1616358011,81,49.6,128.6833,23.43,3.24
Chimbote,7,PE,1616358011,66,-9.0853,-78.5783,77.61,11.01
Kieta,86,PG,1616358011,84,-6.2167,155.6333,79.36,1.34
Khuzhir,100,RU,1616358012,76,53.1939,107.3397,31.06,10.63
George Town,20,MY,1616358012,78,5.4112,100.3354,82.4,3.44
Kaeo,66,NZ,1616358012,93,-35.1,173.7833,55.99,1.99
Ancud,0,CL,1616358012,52,-41.8697,-73.8203,66.2,9.22
Marfino,90,RU,1616358013,80,55.7028,37.3822,30.2,15.66
Ereymentau,100,KZ,1616358013,97,51.6199,73.1033,31.8,7.87
Uvat,53,RU,1616358014,97,59.1433,68.8953,7.34,2.48
Laguna,1,US,1616357777,32,38.421,-121.4238,64.4,14.97
Cayenne,75,GF,1616357938,89,4.9333,-52.3333,79.0,5.75
Tiksi,100,RU,1616358014,98,71.6872,128.8694,-16.15,11.34
Amalāpuram,88,IN,1616358014,81,16.5833,82.0167,75.33,1.3
Margate,100,GB,1616358015,72,51.3813,1.3862,43.0,1.99
Souillac,75,MU,1616358015,89,-20.5167,57.5167,78.8,9.22
Airai,86,TL,1616358015,87,-8.9266,125.4092,60.71,1.25
Mersing,100,MY,1616358015,100,2.4312,103.8405,75.2,4.61
Khasan,0,RU,1616358016,65,42.4308,130.6434,33.21,17.63
Palana,55,RU,1616358016,70,59.1167,159.9667,0.46,6.8
Tommot,100,RU,1616358016,98,58.9564,126.2925,-8.77,4.38
Shingū,1,JP,1616358017,69,33.7333,135.9833,48.16,10.54
Quatre Cocos,75,MU,1616358017,89,-20.2078,57.7625,80.01,9.22
New Iberia,90,US,1616358017,49,30.0035,-91.8187,69.8,6.91
Tura,0,IN,1616358017,29,25.5198,90.2201,73.31,2.19
Paamiut,97,GL,1616358018,91,61.994,-49.6678,22.26,14.05
Olavarría,0,AR,1616358018,43,-36.8927,-60.3225,73.99,1.01
Estevan,1,CA,1616358018,34,49.1334,-102.9842,46.4,26.46
Hasaki,75,JP,1616358018,94,35.7333,140.8333,53.6,8.05
Ponce,15,PR,1616357935,66,18.073,-66.6185,82.0,8.99
Hailar,21,CN,1616358019,65,49.2,119.7,22.89,8.75
Ust'-Ilimsk,100,RU,1616358019,91,58.0006,102.6619,30.88,10.42
Safaga,0,EG,1616358019,69,26.7292,33.9365,75.2,5.75
Vestmannaeyjar,100,IS,1616358020,78,63.4427,-20.2734,44.49,22.12
Tigil',100,RU,1616358020,82,57.8,158.6667,1.85,4.61
Lorengau,19,PG,1616358020,73,-2.0226,147.2712,82.44,3.38
Mahébourg,75,MU,1616358020,89,-20.4081,57.7,78.8,9.22
Rodolfo Sánchez Taboada,0,MX,1616358021,44,31.7167,-116.5667,61.0,18.99
Biak,34,ID,1616358021,81,-0.9131,122.8766,76.91,0.65
Vega de Alatorre,21,MX,1616358022,65,20.0333,-96.6333,74.53,13.91
Yerbogachën,100,RU,1616358022,93,61.2767,108.0108,-17.86,6.98
Zuwārah,72,LY,1616357846,76,32.9312,12.082,57.36,16.53
The Valley,20,AI,1616358022,73,18.217,-63.0578,84.2,12.66
Hay River,89,CA,1616357847,66,60.8156,-115.7999,1.4,6.91
Port Elizabeth,75,ZA,1616358022,77,-33.918,25.5701,64.4,5.75
Visby,0,SE,1616358022,75,57.6409,18.296,37.4,8.05
Ostrovnoy,100,RU,1616358023,92,68.0531,39.5131,21.22,4.41
Manakara,100,MG,1616358023,90,-22.1333,48.0167,75.36,3.74
Khovd,100,MN,1616358024,27,48.0056,91.6419,29.17,6.91
Acaraú,100,BR,1616358024,74,-2.8856,-40.12,81.46,13.58
Longaví,0,CL,1616358024,19,-35.9667,-71.6833,83.98,4.9
Jining,0,CN,1616358024,34,35.405,116.5814,37.44,5.61
Várzea da Palma,31,BR,1616358025,76,-17.5981,-44.7308,78.84,2.68
Newcastle,90,AU,1616358025,100,-32.9272,151.7765,68.0,8.05
Namwala,2,ZM,1616358025,92,-15.7504,26.4384,66.79,4.61
La Ronge,89,CA,1616358025,50,55.1001,-105.2842,23.0,13.8
Clive,40,US,1616358026,39,41.603,-93.7241,64.99,29.93
Petropavlovsk-Kamchatskiy,75,RU,1616358026,63,53.0452,158.6483,21.2,4.47
Zhanakorgan,0,KZ,1616358026,84,43.9098,67.2495,41.97,4.72
Kumul,0,CN,1616358027,24,42.8,93.45,39.61,3.02
Toguchin,100,RU,1616358027,92,55.2353,84.3858,28.89,13.94
Whitehorse,90,CA,1616358027,79,60.7161,-135.0538,17.01,5.75
Saint Peter,40,BB,1616358028,54,13.25,-59.6167,82.4,18.41
Havøysund,75,NO,1616358028,69,70.9963,24.6622,30.2,21.85
Bambous Virieux,75,MU,1616358028,89,-20.3428,57.7575,80.01,9.22
Nanortalik,100,GL,1616358029,78,60.1432,-45.2371,25.03,30.96
Rio Grande,75,BR,1616358029,83,-32.035,-52.0986,75.2,5.75
Tūkrah,7,LY,1616358019,89,32.5341,20.5791,60.66,7.72
Sahuaripa,82,MX,1616358029,14,29.05,-109.2333,89.31,17.11
Ribeira Brava,40,PT,1616358029,51,32.65,-17.0667,60.8,11.5
Valladolid,0,ES,1616358030,81,41.5833,-4.6667,42.01,4.61
Ol'ga,100,RU,1616358030,84,43.7444,135.2892,29.75,5.21
Mubende,100,UG,1616358030,94,0.5606,31.39,64.02,2.08
Husavik,40,IS,1616358031,57,66.0449,-17.3389,46.4,19.57
Port Alfred,90,ZA,1616358031,70,-33.5906,26.891,64.89,9.1
Atambua,56,ID,1616358031,88,-9.1061,124.8925,74.08,0.83
Vila Velha,40,BR,1616357882,74,-20.3297,-40.2925,84.99,6.91
Pacific Grove,1,US,1616358031,67,36.6177,-121.9166,57.99,9.22
Alofi,90,NU,1616358005,94,-19.0595,-169.9187,77.0,5.75
Baghdad,0,IQ,1616357932,39,33.3406,44.4009,66.2,4.61
Manta,75,EC,1616357934,74,-0.95,-80.7333,82.4,9.22
Ambunti,89,PG,1616358032,99,-4.2365,142.8448,73.56,0.74
Marawi,14,PH,1616358032,92,7.9986,124.2928,75.0,5.01
Coahuayana Viejo,1,MX,1616358033,39,18.7333,-103.6833,84.2,11.5
East London,48,ZA,1616358033,67,-33.0153,27.9116,66.25,13.56
Mawlaik,4,MM,1616357831,38,23.6333,94.4167,69.93,1.25
Dickinson,75,US,1616358033,59,29.4608,-95.0513,68.0,10.36
Talnakh,66,RU,1616358034,56,69.4865,88.3972,-15.21,6.22
Santa Rosa,40,PH,1616358034,89,14.3122,121.1114,80.6,3.44
Bosaso,0,SO,1616358034,67,11.2842,49.1816,76.17,3.13
Saldanha,0,ZA,1616358034,67,-33.0117,17.9442,62.6,6.91
Bahía Honda,8,CU,1616358035,55,22.9036,-83.1592,74.16,10.6
Codrington,95,AU,1616358035,82,-38.2667,141.9667,64.8,12.24
La Rioja,75,ES,1616358035,66,42.25,-2.5,46.4,11.5
Grindavik,90,IS,1616358035,81,63.8424,-22.4338,44.6,28.77
Mehamn,75,NO,1616358036,74,71.0357,27.8492,28.4,21.85
Katobu,66,ID,1616358036,91,-4.9408,122.5276,75.72,0.72
Wenling,99,CN,1616358036,90,28.3669,121.36,48.0,1.01
Bac Lieu,21,VN,1616358037,80,9.285,105.7244,79.68,14.56
Seabra,97,BR,1616358037,72,-12.4186,-41.7703,74.07,12.46
Talaya,14,RU,1616358037,81,61.3833,152.75,-5.03,6.55
Isangel,75,VU,1616358037,94,-19.55,169.2667,75.2,11.21
Esim,22,GH,1616358038,83,4.8699,-2.2405,81.05,11.18
San Carlos,68,VE,1616358038,31,9.6612,-68.5827,93.78,4.41
Sept-Îles,75,CA,1616358038,49,50.2001,-66.3821,42.8,9.22
Meulaboh,73,ID,1616358039,88,4.1363,96.1285,76.71,4.07
Leningradskiy,100,RU,1616358039,96,69.3833,178.4167,-10.79,9.73
Clyde River,1,CA,1616358039,70,70.4692,-68.5914,-13.0,12.66
Homer,1,US,1616358039,63,59.6425,-151.5483,26.6,4.61
Richards Bay,90,ZA,1616357803,86,-28.783,32.0377,71.4,11.92
Srednekolymsk,60,RU,1616358040,74,67.45,153.6833,-11.61,4.52
Kavieng,99,PG,1616358040,74,-2.5744,150.7967,82.96,5.88
Zabul Province,95,AF,1616358040,28,32.25,67.25,54.57,7.09
Chapais,1,CA,1616358041,22,49.7834,-74.8492,53.6,17.27
Maragogi,35,BR,1616358041,72,-9.0122,-35.2225,80.6,7.25
Los Llanos de Aridane,75,ES,1616358041,68,28.6585,-17.9182,64.4,8.05
Tegul'det,99,RU,1616358041,93,57.3064,88.1667,29.5,12.19
Kayes,0,ML,1616358042,18,14.0,-11.0,91.58,7.83
Vardø,20,NO,1616358042,93,70.3705,31.1107,24.8,21.85
Ribeira Grande,40,PT,1616358042,77,38.5167,-28.7,60.8,10.36
Salalah,0,OM,1616357773,89,17.0151,54.0924,78.8,1.14
Berlevåg,40,NO,1616358043,59,70.8578,29.0864,30.2,27.63
Le Vauclin,20,MQ,1616358043,61,14.5452,-60.8388,84.2,17.27
Laas,0,IT,1616358043,74,46.6166,10.7002,51.8,9.22
Fort Nelson,90,CA,1616358043,57,58.8053,-122.7002,15.8,3.44
Haradok,100,BY,1616358044,89,55.4624,29.9816,29.88,8.3
Mil'kovo,65,RU,1616358044,80,54.7167,158.6167,8.38,1.32
Samarai,99,PG,1616358044,78,-10.6167,150.6667,82.71,8.1
Bredasdorp,0,ZA,1616358044,72,-34.5322,20.0403,62.6,5.75
Ichinohe,75,JP,1616358045,66,40.2069,141.3017,46.4,19.57
Wattegama,100,LK,1616358045,95,6.7989,81.4808,74.03,2.89
Fortuna,90,US,1616357767,71,40.5982,-124.1573,53.01,13.8
Sterling,20,US,1616357806,19,39.0062,-77.4286,64.0,3.44
Cabo San Lucas,1,MX,1616358045,28,22.8909,-109.9124,88.0,6.06
Shimoda,88,JP,1616358045,69,34.6667,138.95,50.0,27.13
Sørland,40,NO,1616358046,80,67.667,12.6934,32.0,4.61
Pisco,0,PE,1616358046,50,-13.7,-76.2167,80.6,19.57
Lerwick,90,GB,1616358046,93,60.1545,-1.1494,44.6,19.57
Bafia,2,CM,1616358047,83,4.75,11.2333,74.32,3.67
Kurumkan,89,RU,1616358047,86,54.3,110.3,25.74,4.21
Acapulco de Juárez,1,MX,1616358047,70,16.8634,-99.8901,86.0,8.05
Peniche,0,PT,1616358021,74,39.3558,-9.3811,53.01,1.99
Half Moon Bay,1,US,1616357844,76,37.4636,-122.4286,62.01,18.41
Goundam,16,ML,1616358048,12,16.4145,-3.6708,87.6,10.63
Forrest City,1,US,1616358048,27,35.0081,-90.7898,66.2,8.05
Berbera,0,SO,1616358048,69,10.4396,45.0143,77.13,2.75
Dingle,83,PH,1616358049,86,10.9995,122.6711,77.77,8.3
Gornopravdinsk,76,RU,1616358049,97,60.05,69.9,0.97,4.85
Aripuanã,89,BR,1616358049,78,-9.1667,-60.6333,79.7,2.24
Thompson,75,CA,1616358049,65,55.7435,-97.8558,37.4,27.63
Iqaluit,75,CA,1616358050,71,63.7506,-68.5145,-5.01,3.44
Kuopio,20,FI,1616358050,74,62.8924,27.677,28.4,18.41
Zheleznodorozhnyy,75,RU,1616358050,80,55.7503,38.0042,30.2,8.95
Cukai,53,MY,1616357822,88,4.25,103.4167,77.0,5.88
Labuan,20,MY,1616358051,89,5.2767,115.2417,78.8,8.75
Rapid Valley,90,US,1616357895,28,44.0625,-103.1463,51.8,24.16
Hirara,78,JP,1616358051,72,24.8,125.2833,62.17,30.0
Pevek,0,RU,1616358052,91,69.7008,170.3133,-27.0,5.08
Sorong,35,ID,1616358053,82,-0.8833,131.25,80.1,7.05
Tateyama,99,JP,1616358053,60,34.9833,139.8667,57.99,5.99
Hualmay,52,PE,1616358053,68,-11.0964,-77.6139,77.07,8.79
Pauini,48,BR,1616358054,48,-7.7136,-66.9764,88.88,1.63
Rapid City,90,US,1616358054,29,44.0805,-103.231,51.8,23.02
Bereda,11,ES,1616358054,91,43.2686,-7.5406,43.0,8.99
Zyryanka,100,RU,1616358054,84,65.75,150.85,-9.02,5.86
Paramonga,26,PE,1616358055,68,-10.6667,-77.8333,77.14,9.31
Imeni Zhelyabova,96,RU,1616358055,92,58.9544,36.5956,30.56,9.46
Amapá,12,BR,1616358055,60,1.0,-52.0,86.5,3.2
Māngrol,0,IN,1616358055,81,21.1167,70.1167,75.11,3.74
Mugur-Aksy,99,RU,1616358056,37,50.35,90.5,18.95,4.76
Dzaoudzi,0,YT,1616358056,83,-12.7887,45.2699,78.8,3.44
Constitución,2,CL,1616358056,66,-35.3333,-72.4167,65.16,7.31
Nelson,63,NZ,1616358056,69,-41.2833,173.2833,60.01,2.06
Bonthe,45,SL,1616358057,75,7.5264,-12.505,78.58,11.83
Itarema,100,BR,1616358057,73,-2.9248,-39.9167,81.28,12.95
Labuhan,87,ID,1616358057,87,-6.8844,112.2051,78.21,5.91
Kastamonu Province,100,TR,1616358057,98,41.5,33.6667,38.46,1.54
Coquimbo,0,CL,1616358058,72,-29.9533,-71.3436,66.2,11.5
Kargat,100,RU,1616358058,94,55.1956,80.2811,29.35,12.68
Sasina,0,BA,1616358059,65,44.7987,16.739,37.4,4.61
Cologne,75,DE,1616357790,65,50.9333,6.95,43.0,12.66
Sur,0,OM,1616358059,52,22.5667,59.5289,76.08,6.53
Flinders,100,AU,1616358059,98,-34.5833,150.8552,69.01,5.99
Breytovo,100,RU,1616358060,91,58.2993,37.8617,28.98,12.68
Ketchikan,90,US,1616358060,87,55.3422,-131.6461,41.0,9.22
The Pas,20,CA,1616358060,51,53.8251,-101.2541,32.0,24.16
Shenjiamen,41,CN,1616358060,60,29.9576,122.298,46.18,11.12
Paraíso,75,CR,1616358061,64,9.8383,-83.8656,75.99,16.11
Khāsh,0,IR,1616358061,27,28.2211,61.2158,55.02,0.4
Ormara,22,PK,1616358062,85,25.2088,64.6357,75.36,3.85
Kavaratti,0,IN,1616358062,71,10.5669,72.642,82.47,7.49
Watertown,1,US,1616358062,16,42.3709,-71.1828,66.0,8.05
São João del Rei,40,BR,1616358063,53,-21.1356,-44.2617,75.2,9.22
Lavrentiya,100,RU,1616358063,80,65.5833,-171.0,1.67,3.02
La Goulette,75,TN,1616358026,81,36.8181,10.305,44.6,16.11
Pangnirtung,75,CA,1616358063,70,66.1451,-65.7125,-13.0,3.44
Ust-Tsilma,100,RU,1616358064,94,65.441,52.1498,18.63,6.29
Paita,0,PE,1616358065,58,-5.0892,-81.1144,86.0,12.66
Sabang,100,ID,1616357826,69,5.8933,95.3214,82.78,2.84
Mimongo,56,GA,1616358065,98,-1.6195,11.6068,70.16,2.95
Jieshi,100,CN,1616358065,73,22.8134,115.8257,59.0,1.01
Sungai Penuh,100,ID,1616358066,98,-2.0833,101.3833,65.35,0.4
Andenes,75,NO,1616358066,64,69.3143,16.1194,28.4,13.8
Faya,0,SA,1616358066,24,18.3851,42.4509,66.2,11.5
Loandjili,20,CG,1616358066,83,-4.7561,11.8578,82.4,8.05
Hong Kong,88,HK,1616358061,67,22.2855,114.1577,62.01,3.0
Pombas,75,CV,1616358067,68,17.1503,-25.0201,69.8,20.71
Onega,96,RU,1616358067,97,63.9061,38.1404,27.05,4.34
Gazli,100,UZ,1616358067,48,40.1333,63.45,54.21,12.73
Sohag,0,EG,1616358068,30,26.557,31.6948,84.2,4.61
Bandarbeyla,0,SO,1616358068,69,9.4942,50.8122,77.79,7.83
Kailua,90,US,1616358068,64,21.4022,-157.7394,73.4,14.97
Coos Bay,90,US,1616358068,71,43.3665,-124.2179,50.0,10.36
Bariloche,0,AR,1616357941,20,-41.1456,-71.3082,73.4,3.44
Maţāy,73,EG,1616358010,16,28.419,30.7792,86.34,12.5
Cap Malheureux,0,MU,1616358069,82,-19.9842,57.6142,80.01,7.0
Copiapó,0,CL,1616357960,49,-27.3667,-70.3333,69.8,14.97
Silopi,0,TR,1616358069,60,37.2497,42.4694,53.87,4.07
Curillo,35,CO,1616358069,60,1.0333,-75.9191,86.97,3.51
Severo-Kuril'sk,100,RU,1616358070,83,50.6789,156.125,27.88,24.32
Kabanjahe,40,ID,1616358070,94,3.1001,98.4908,78.8,2.3
Saint Anthony,75,US,1616358070,39,45.0205,-93.218,63.0,21.85
Mujiayingzi,0,CN,1616358070,36,42.1167,118.7833,30.74,9.1
Deputatsky,10,RU,1616358071,97,69.3,139.9,-20.88,1.9
São João da Barra,20,BR,1616358071,65,-21.6403,-41.0511,82.4,16.11
Coari,100,BR,1616358071,91,-4.085,-63.1414,81.88,2.62
Kautokeino,12,NO,1616358072,81,69.0125,23.0412,10.11,10.67
Marabu,40,MY,1616358034,100,4.4148,114.0089,75.2,1.14
Ahipara,0,NZ,1616358072,75,-35.1667,173.1667,60.33,4.68
Tiarei,20,PF,1616358072,62,-17.5333,-149.3333,87.8,4.61
Vila Franca do Campo,75,PT,1616358072,82,37.7167,-25.4333,57.2,6.91
Yauya,100,PE,1616358073,75,-8.9833,-77.3,54.41,7.45
Nampula,75,MZ,1616358073,94,-15.1165,39.2666,75.2,3.44
Bubaque,0,GW,1616358073,72,11.2833,-15.8333,76.8,18.68
Wau,98,SS,1616358074,66,7.7029,27.9953,80.11,4.27
Puerto del Rosario,20,ES,1616358074,63,28.5004,-13.8627,64.4,21.85
Kirakira,98,SB,1616358074,86,-10.4544,161.9205,78.6,4.61
Qandala,0,SO,1616358074,59,11.472,49.8728,77.94,4.29
Taoudenni,0,ML,1616358075,14,22.6783,-3.9836,74.62,12.46
Neyshabur,100,IR,1616358075,52,36.2133,58.7958,51.46,5.86
Strathpeffer,75,GB,1616358075,81,57.588,-4.5382,45.0,8.05
Forsytheganj,100,BY,1616358076,84,52.6333,29.7333,29.5,11.65
Magadan,100,RU,1616358076,89,59.5667,150.8,6.75,8.23
Chapleau,75,CA,1616358076,21,47.8405,-83.4034,57.2,16.11
Jasper,1,US,1616357892,40,37.2001,-94.3502,68.0,19.57
Rancho Palos Verdes,20,US,1616357844,39,33.7445,-118.387,64.0,12.66
Santa Cruz de Barahona,20,DO,1616358077,54,18.2085,-71.1008,84.2,13.8
Belyy Yar,0,RU,1616358077,60,53.6039,91.3903,39.2,11.18
Sechura,57,PE,1616358077,52,-5.5569,-80.8222,85.32,14.38
Wanaka,100,NZ,1616358005,87,-44.7,169.15,53.11,0.31
Bay Roberts,20,CA,1616358077,61,47.5999,-53.2648,37.0,5.99
Oranjemund,0,NA,1616358078,80,-28.55,16.4333,63.84,8.25
Camacupa,95,AO,1616358002,94,-12.0167,17.4833,63.41,3.58
Parrita,75,CR,1616358078,64,9.5201,-84.3225,80.6,16.11
Longyan,97,CN,1616358078,74,25.1072,117.0225,55.0,1.01
Kangaatsiaq,100,GL,1616358078,90,68.3065,-53.4641,3.4,11.77
Atar,74,MR,1616358079,15,20.5169,-13.0499,75.27,8.93
Madimba,20,TZ,1616358079,94,-10.4,40.3333,77.0,8.05
Loukhi,99,RU,1616358079,93,66.0764,33.0381,26.24,11.07
Narsaq,75,GL,1616358079,68,60.9167,-46.05,24.8,13.8
Mayor Pablo Lagerenza,100,PY,1616358080,70,-19.9309,-60.7718,76.53,13.8
Khani,90,GE,1616358080,93,41.9563,42.9566,44.6,1.14
Huarmey,7,PE,1616358080,69,-10.0681,-78.1522,77.7,10.07
San Jose,20,US,1616357904,41,37.3394,-121.895,64.0,9.22
Soloneshnoye,55,RU,1616358075,81,51.6544,84.3197,28.11,5.32
Ulaangom,100,MN,1616358081,71,49.9811,92.0667,11.28,2.59
Sunrise Manor,1,US,1616358081,19,36.2111,-115.0731,64.4,8.05
Pemangkat,100,ID,1616358081,89,1.1667,108.9667,77.02,4.65
Massakory,1,TD,1616357941,9,12.996,15.7293,93.25,10.2
Novy Urengoy,100,RU,1616358082,96,66.0833,76.6333,3.81,6.44
Patan,20,NP,1616358082,62,27.6667,85.3333,57.2,3.44
Bonavista,27,CA,1616358083,60,48.6499,-53.1147,36.0,10.36
Carnduff,0,CA,1616358083,35,49.1667,-101.8009,50.0,14.0
Kenai,1,US,1616358083,45,60.5544,-151.2583,23.0,3.44
Port-Gentil,75,GA,1616358083,94,-0.7193,8.7815,78.8,10.36
Antalaha,96,MG,1616358083,85,-14.9003,50.2788,77.2,6.69
Toledo,0,ES,1616358084,40,39.8333,-4.0,53.01,3.44
Bandar-e Lengeh,0,IR,1616358084,46,26.5579,54.8807,73.02,19.6
San-Pédro,8,CI,1616357845,83,4.7485,-6.6363,80.22,10.98
Fort Saint James,99,CA,1616358084,65,54.4333,-124.25,39.13,12.93
Masvingo,0,ZW,1616358085,69,-20.0637,30.8277,65.86,5.77
Jérémie,20,HT,1616358085,74,18.65,-74.1167,79.36,4.88
Fort-Shevchenko,100,KZ,1616358086,88,44.5086,50.263,39.22,6.85
Mount Gambier,75,AU,1616358086,100,-37.8333,140.7667,64.4,6.91
Lagoa,100,PT,1616358086,77,39.05,-27.9833,58.75,12.39
Virginia Beach,75,US,1616358086,62,36.8529,-75.978,55.99,17.27
Bahía Blanca,0,AR,1616358008,30,-38.7196,-62.2724,72.28,12.1
Kazachinskoye,88,RU,1616358087,89,57.6953,93.2761,28.89,9.08
Khovu-Aksy,100,RU,1616358087,65,51.1333,93.6,18.81,2.21
Kutum,100,SD,1616358087,16,14.2,24.6667,75.47,7.83
Peruíbe,100,BR,1616358088,77,-24.32,-46.9983,81.84,5.28
Enid,1,US,1616358088,37,36.3956,-97.8784,69.8,23.02
Cockburn Town,40,TC,1616357847,65,21.4612,-71.1419,80.6,11.5
Presidente Epitácio,100,BR,1616357833,68,-21.7633,-52.1156,85.03,1.01
Saint-Pierre,75,RE,1616358088,88,-21.3393,55.4781,77.0,3.44
Nemuro,100,JP,1616358088,97,43.3236,145.575,36.7,21.03
Penzance,90,GB,1616358089,81,50.1186,-5.5371,48.2,4.61
Tabou,91,CI,1616358089,87,4.423,-7.3528,79.25,9.6
Darhan,100,MN,1616358089,60,49.4867,105.9228,25.95,3.2
Tessalit,53,ML,1616358090,11,20.1986,1.0114,79.93,10.38
Kaitangata,97,NZ,1616358090,85,-46.2817,169.8464,57.99,4.0
Fairbanks,1,US,1616357810,47,64.8378,-147.7164,10.99,3.0
Mīāndoāb,25,IR,1616358090,62,36.9694,46.1027,46.27,5.68
Amahai,95,ID,1616358091,85,-3.3333,128.9167,79.02,4.47
Marsh Harbour,0,BS,1616358091,68,26.5412,-77.0636,76.42,12.17
Shitanjing,0,CN,1616358091,22,39.2342,106.3439,28.36,2.28
Disna,68,BY,1616358091,85,55.568,28.1971,28.44,10.78
Pandan,35,PH,1616358092,86,14.0453,124.1694,79.14,9.8
Ayan,100,RU,1616358092,93,56.45,138.1667,14.65,9.64
Villa Carlos Paz,0,AR,1616358092,45,-31.4241,-64.4978,79.0,8.01
Saint Andrews,90,US,1616358092,45,34.0454,-81.1293,64.4,11.5
Florø,75,NO,1616358093,93,61.5996,5.0328,35.6,11.5
Mbini,75,GQ,1616358093,83,1.574,9.6134,82.4,6.91
Solton,100,RU,1616358093,87,52.8429,86.4787,28.67,6.44
Robertsport,81,LR,1616358093,84,6.7533,-11.3686,79.32,14.83
Kota Belud,20,MY,1616358094,88,6.351,116.4305,77.0,3.44
Kruisfontein,44,ZA,1616358094,85,-34.0033,24.7314,57.99,1.01
Ürümqi,0,CN,1616358094,75,43.801,87.6005,33.8,2.24
Ayní,68,TJ,1616358094,62,39.3941,68.5377,33.87,6.31
Ilulissat,75,GL,1616358095,92,69.2167,-51.1,10.4,26.46
Rurrenabaque,75,BO,1616358095,70,-14.4413,-67.5278,89.6,2.75
Aldan,98,RU,1616358095,98,58.6031,125.3894,-11.13,5.88
Panzhihua,0,CN,1616358095,74,26.5851,101.7128,48.43,3.98
Vrangel',0,RU,1616358096,80,42.7297,133.0839,32.41,17.16
Sinnamary,91,GF,1616358096,84,5.3833,-52.95,80.04,10.98
Dhārchula,0,IN,1616358096,42,29.85,80.5333,58.48,6.44
Dapaong,0,TG,1616358097,25,10.8639,0.205,92.05,1.19
Yar-Sale,100,RU,1616358097,98,66.8333,70.8333,-4.0,5.32
Oneida,1,US,1616358097,13,43.2001,-75.4663,62.6,3.44
Eyl,11,SO,1616358098,77,7.9803,49.8164,75.96,12.12
Hambantota,89,LK,1616358098,85,6.1241,81.1185,77.68,7.18
Bossangoa,89,CF,1616358098,67,6.4926,17.4552,79.92,4.0
Oistins,40,BB,1616357984,54,13.0667,-59.5333,82.4,18.41
Presidente Franco,75,PY,1616358098,94,-25.5333,-54.6167,77.0,8.05
Ambulu,68,ID,1616358099,90,-8.345,113.6058,77.07,2.35
Río Gallegos,40,AR,1616358099,32,-51.6226,-69.2181,66.2,6.91
Touros,20,BR,1616358099,74,-5.1989,-35.4608,82.4,13.8
Wanning,100,CN,1616358100,86,18.8003,110.3967,68.04,14.18
Gunnedah,100,AU,1616358100,93,-30.9833,150.25,66.0,4.0
Lima,0,PE,1616357880,65,-12.0432,-77.0282,78.8,6.91
Khvastovichi,100,RU,1616358100,79,53.4694,35.0941,26.33,9.8
North Bend,90,US,1616358101,71,43.4065,-124.2243,50.0,10.36
Isla Vista,1,US,1616358101,23,34.4133,-119.861,69.8,8.05
Stettler,2,CA,1616358101,38,52.3168,-112.7186,37.4,12.66
Kano,0,NG,1616358101,26,12.0001,8.5167,86.0,2.3
Kamachumu,20,TZ,1616358102,88,-1.6186,31.62,68.0,5.61
Cabo Rojo,49,PR,1616358102,70,18.0866,-67.1457,82.99,3.0
Zemio,100,CF,1616358102,94,5.0314,25.1361,70.27,5.35
Santa Cruz de la Sierra,75,BO,1616358103,83,-17.8,-63.1667,73.4,16.11
Beaverlodge,75,CA,1616358103,41,55.2166,-119.4361,39.2,6.91
Juneau,90,US,1616358104,86,58.3019,-134.4197,33.8,4.07
Saint-Leu,75,RE,1616358104,88,-21.15,55.2833,77.0,3.44
Krasnotorka,0,UA,1616358104,67,48.682,37.5327,32.85,5.53
Gravdal,75,NO,1616358104,93,68.1214,13.5031,26.6,3.44
Picayune,20,US,1616358105,37,30.5255,-89.6795,72.0,5.75
Dawlatabad,100,AF,1616358105,60,36.4141,64.9053,54.68,6.78
Tabuk,61,PH,1616358105,94,17.4189,121.4443,72.54,1.66
Kaina,0,NG,1616358106,26,12.6374,8.5873,86.0,2.3
Norrtälje,0,SE,1616358106,44,59.758,18.705,35.01,9.22
Belaya Gora,38,RU,1616358106,89,68.5333,146.4167,-15.57,3.2
Barcelona,0,ES,1616358106,71,41.3888,2.159,55.4,2.3
Nesbyen,99,NO,1616358107,87,60.5681,9.1027,27.55,4.03
Lichinga,75,MZ,1616358023,94,-13.3128,35.2406,66.2,4.61
Ixtapa,1,MX,1616358107,61,20.7,-105.2,77.0,12.66
Oil City,1,US,1616358107,16,41.4339,-79.7064,62.6,11.5
Otukpo,90,NG,1616358108,47,7.1913,8.1329,87.78,8.63
Nome,90,US,1616358108,57,64.5011,-165.4064,17.6,0.87
Waddān,0,LY,1616358108,14,29.1614,16.139,69.01,6.58
Zabaykal'sk,100,RU,1616358108,75,49.6333,117.3167,25.21,6.85
Sarakhs,100,IR,1616358109,71,36.5449,61.1577,53.6,2.3
Teguise,20,ES,1616358109,59,29.0605,-13.564,62.6,11.5
Mandalgovi,0,MN,1616358109,32,45.7625,106.2708,26.33,13.31
Banda Aceh,100,ID,1616358110,74,5.5577,95.3222,79.99,2.91
Cerrito,40,CO,1616358110,61,6.8432,-72.694,80.6,6.91
Cherskiy,0,RU,1616358110,70,68.75,161.3,-15.43,5.77
‘Ewa Beach,90,US,1616358111,64,21.3156,-158.0072,75.2,10.36
Santa Eulalia,0,PE,1616358112,65,-11.85,-76.6833,78.8,6.91
San Patricio,20,US,1616358112,46,28.017,-97.5169,78.8,18.41
Kiryat Gat,100,IL,1616358112,46,31.61,34.7642,73.0,1.01
Riverton,75,US,1616357940,75,40.5219,-111.9391,42.01,5.75
Indāpur,0,IN,1616358113,61,18.3,73.25,70.81,0.6
Russell,90,US,1616358113,45,32.3502,-85.1999,68.0,6.91
Cheyenne,40,US,1616358113,55,41.14,-104.8203,37.0,14.97
Cacequi,83,BR,1616358113,71,-29.8836,-54.825,75.29,8.08
Kloulklubed,75,PW,1616358114,89,7.0419,134.2556,78.8,4.61
Beloha,0,MG,1616358114,82,-25.1667,45.05,75.33,3.6
Viedma,0,AR,1616358114,20,-40.8135,-62.9967,74.52,9.4
Boulder,90,US,1616357948,60,40.0833,-105.3505,42.8,10.36
Vrapčište,90,MK,1616358115,100,41.8339,20.8853,32.0,2.82
Sabha,0,LY,1616357908,9,27.0377,14.4283,69.98,7.07
Chabahar,0,IR,1616358115,64,25.2919,60.643,75.6,17.07
Traverse City,20,US,1616358115,15,44.7631,-85.6206,66.2,13.8
Kimbe,68,PG,1616358087,91,-5.5502,150.1429,76.3,3.56
Den Helder,90,NL,1616358115,87,52.9599,4.7593,43.0,10.36
Ardakān,0,IR,1616358116,17,32.31,54.0175,57.2,6.91
Rawson,0,AR,1616358116,29,-43.3002,-65.1023,76.12,19.89
Puertollano,0,ES,1616358116,50,38.6871,-4.1073,48.99,1.01
Blagoveshchensk,0,RU,1616358116,68,50.2667,127.5333,21.2,4.47
Kargasok,76,RU,1616358117,92,59.0556,80.8572,19.22,9.62
Clocolan,0,ZA,1616358117,56,-28.9137,27.5656,54.54,2.77
Port Hedland,16,AU,1616358117,78,-20.3167,118.5667,71.6,3.44
Mmabatho,10,ZA,1616358117,82,-25.85,25.6333,62.6,5.75
Nishihara,75,JP,1616358118,59,26.1842,127.7558,62.6,24.16
Inuvik,16,CA,1616358118,65,68.3499,-133.7218,-4.0,8.05
Ninghai,0,CN,1616358118,76,29.2892,121.4247,48.0,2.24
